{"cameraMode":{"drawMode":0,"name":"Shaded","section":"Shading Mode"},"sceneLighting":true,"audioPlay":false,"sceneViewState":{"showFog":true,"showMaterialUpdate":false,"showSkybox":true,"showFlares":true,"showImageEffects":true,"showParticleSystems":true},"in2DMode":false,"pivot":{"x":1.727968692779541,"y":1.0011214017868043,"z":2.5951483249664308},"rotation":{"x":0.6422367691993713,"y":-0.04704713821411133,"z":0.03954800218343735,"w":0.7640382647514343},"size":11.321520805358887,"orthographic":true}